<?xml version="1.0" encoding="UTF-8"?>
<model package="elementnotes" baseClass="xPDOObject" platform="mysql" defaultEngine="MyISAM" version="1.1">
	<object class="elementNote" table="element_notes" extends="xPDOObject">
		<field key="id" dbtype="int" precision="10" attributes="unsigned" phptype="integer" null="false" index="pk" />
		<field key="type" dbtype="varchar" precision="20" phptype="string" null="false" index="pk" />
		<field key="text" dbtype="mediumtext" phptype="string" null="false" />

		<index alias="PRIMARY" name="PRIMARY" primary="true" unique="true" type="BTREE" >
			<column key="id" length="" collation="A" null="false" />
			<column key="type" length="" collation="A" null="false" />
		</index>
	</object>
</model>